Brand,Function,Category,Name,link
La Mer,moisturizer,cream,La Mer Crème De La Mer,https://www.skincarisma.com/products/la-mer/creme-de-la-mer/ingredient_list#info-section
La Mer,moisturizer,cream,La Mer The Moisturizing Gel Cream,https://www.skincarisma.com/products/la-mer/the-moisturizing-gel-cream/ingredient_list#info-section
La Mer,moisturizer,cream,La Mer The Moisturizing Lotion,https://www.skincarisma.com/products/la-mer/the-moisturizing-lotion/ingredient_list#info-section
La Mer,moisturizer,cream,La Mer The Moisturizing Soft Cream,https://www.skincarisma.com/products/la-mer/the-moisturizing-soft-cream/ingredient_list#info-section
Weleda,moisturizer,cream,Weleda Skin Food,https://www.skincarisma.com/products/weleda/skin-food/ingredient_list#info-section
Nivea,moisturizer,cream,Nivea Crème,https://www.skincarisma.com/products/nivea/creme-9e58dae7-ccac-4817-9407-bb6e64db7c5e/ingredient_list#info-section
Pond's,anti-aging,cream,Pond's Rejuveness Anti-Wrinkle Cream,https://www.skincarisma.com/products/pond-s/rejuveness-anti-wrinkle-cream/ingredient_list#info-section
Olay,cream,night cream,Olay Regenerist Night Recovery Cream,https://www.skincarisma.com/products/olay/regenerist-night-recovery-cream
La Prairie,moisturizer,cream,La Prairie White Caviar Illuminating Cream,https://www.skincarisma.com/products/la-prairie/white-caviar-illuminating-cream/ingredient_list#info-section
La Prairie,moisturizer,cream,La Prairie Skin Caviar Luxe Cream,https://www.skincarisma.com/products/la-prairie/skin-caviar-luxe-cream/ingredient_list#info-section
La Prairie,moisturizer,cream,La Prairie Cellular Radiance Cream,https://www.skincarisma.com/products/la-prairie/cellular-radiance-cream/ingredient_list#info-section
La Prairie,anti-aging,day cream,La Prairie Anti-Aging Day Cream SPF 30,https://www.skincarisma.com/products/la-prairie/anti-aging-day-cream-spf-30/ingredient_list#info-section
La Prairie,moisturizer,cream,La Prairie Cellular Cream Platinum Rare,https://www.skincarisma.com/products/la-prairie/cellular-cream-platinum-rare/ingredient_list#info-section
La Prairie,moisturizer,night cream,La Prairie Cellular Radiance Night Cream,https://www.skincarisma.com/products/la-prairie/cellular-radiance-night-cream/ingredient_list#info-section
La Prairie,anti-aging,night cream,La Prairie Anti-Aging Night Cream,https://www.skincarisma.com/products/la-prairie/anti-aging-night-cream/ingredient_list#info-section
La Prairie,anti-aging,cream,La Prairie Anti-Aging Stress Cream,https://www.skincarisma.com/products/la-prairie/anti-aging-stress-cream/ingredient_list#info-section
Giorgio Armani,moisturizer,cream,Crema Nera Extrema Obsidian Mineral High Recovery Elixir,https://www.skincarisma.com/products/giorgio-armani/crema-nera-extrema-obsidian-mineral-high-recovery-elixir/ingredient_list#info-section
Chanel,anti-aging,cream,Chanel Le Lift Firming Anti-Wrinkle Creme Riche,https://www.skincarisma.com/products/chanel/le-lift-firming-anti-wrinkle-creme-riche/ingredient_list#info-section
Chanel,anti-aging,cream,Chanel Le Lift Firming Anti-Wrinkle Creme Fine,https://www.skincarisma.com/products/chanel/le-lift-firming-anti-wrinkle-creme-fine/ingredient_list#info-section
Shiseido,anti-aging,cream,Shiseido Future Solution LX Total Regenerating Cream Night,https://www.skincarisma.com/products/shiseido/future-solution-lx-total-regenerating-cream-night/ingredient_list#info-section
Clé de Peau Beauté,moisturizer,cream,Clé de Peau Beauté La Crème,https://www.skincarisma.com/products/cle-de-peau-beaute/la-creme/ingredient_list#info-section
Chantecallie,anti-aging,cream,Chantecallie Bio Liftying Cream,https://www.skincarisma.com/products/chantecaille/bio-lifting-cream/ingredient_list#info-section
Charlotte Tilbury,anti-aging,cream,Charlotte's Magic Cream,https://www.skincarisma.com/products/charlotte-tilbury/charlotte-s-magic-cream/ingredient_list#info-section
Olay,moisturizer,cream,Olay Regenerist Micro-Sculpting Cream,https://www.skincarisma.com/products/olay/regenerist-micro-sculpting-cream/ingredient_list#info-section
Neutrogena ,moisturizer,cream,Neutrogena Oil-Free Moisture,https://www.skincarisma.com/products/neutrogena/oil-free-moisture-for-combination-skin/ingredient_list#info-section
Neutrogena ,moisturizer,cream,Neutrogena Hydro Boost Water Gel Cream,https://www.skincarisma.com/products/neutrogena/hydro-boost-water-gel-cream/ingredient_list#info-section
Clinique,moisturizer,cream,Clinique Dramatically Different Moisturizing Cream,https://www.skincarisma.com/products/clinique/dramatically-different-moisturizing-cream/ingredient_list#info-section
Clinique,moisturizer,cream,Clinique Dramatically Different Moisturizing Lotion,https://www.skincarisma.com/products/clinique/dramatically-different-moisturizing-lotion-with-pump/ingredient_list#info-section
Clinique,moisturizer,cream,Clinique Dramatically Different Moisturizing Gel,https://www.skincarisma.com/products/clinique/dramatically-different-moisturizing-gel/ingredient_list#info-section
Olay,moisturizer,cream,Olay Regenerist Deep Hydration Regenerating Cream,https://www.skincarisma.com/products/olay/regenerist-deep-hydration-regenerating-cream/ingredient_list#info-section
Drunk Elephant,moisturizer,cream,Drunk Elephant Lala Retro Whipped Cream,https://www.skincarisma.com/products/drunk-elephant/lala-retro-whipped-cream/ingredient_list#info-section
Shiseido,moisturizer,night cream,Shiseido Benefiance NutriPerfect Night Cream,https://www.skincarisma.com/products/shiseido/benefiance-nutriperfect-night-cream/ingredient_list#info-section
Drunk Elephant,moisturizer,cream,Drunk Elephant Protini Polypeptide Cream,https://www.skincarisma.com/products/drunk-elephant/protini-polypeptide-cream/ingredient_list#info-section
Chanel,moisturizer,cream,Chanel Hydra Beauty Crème,https://www.skincarisma.com/products/chanel/hydra-beauty-creme/ingredient_list#info-section
Cetaphil ,moisturizer,cream,Cetaphil Daily Facial Moisturizer,https://www.skincarisma.com/products/cetaphil/daily-facial-moisturizer/ingredient_list#info-section
Fresh,moisturizer,cream,Fresh Rose Deep Hydration Moisturizer,https://www.skincarisma.com/products/fresh/rose-deep-hydration-moisturizer/ingredient_list#info-section
Fresh,moisturizer,night cream,Fresh Lotus Youth Preserve Dream Night Cream,https://www.skincarisma.com/products/fresh/lotus-youth-preserve-dream-night-cream/ingredient_list#info-section
Kiehl's,moisturizer,cream,Kiehl's Ultra Facial Cream,https://www.skincarisma.com/products/kiehl-s/ultra-facial-cream/ingredient_list#info-section
Tatcha,moisturizer,cream,Tatcha The Silk Cream,https://www.skincarisma.com/products/tatcha/the-silk-cream/ingredient_list#info-section
Belif ,moisturizer,cream,Belif The true cream aqua bomb,https://www.skincarisma.com/products/belif/the-true-cream-aqua-bomb
SK-II,anti-aging,cream,SK-II R.N.A Power Radical New Age Cream,https://www.skincarisma.com/products/sk-ii/r-n-a-power-radical-new-age-cream/ingredient_list#info-section
Neutrogena ,anti-aging,night cream,Neutrogena Rapid Wrinkle Repair Moisturizer Night,https://www.skincarisma.com/products/neutrogena/rapid-wrinkle-repair-moisturizer-night/ingredient_list#info-section
Kiehl's,moisturizer,cream,Kiehl's Ultra Facial Oil-Free Gel Cream,https://www.skincarisma.com/products/kiehl-s/ultra-facial-oil-free-gel-cream/ingredient_list#info-section
Kiehl's,moisturizer,cream,Kiehl's Calendula Serum Infused Water Cream,https://www.skincarisma.com/products/kiehl-s/calendula-serum-infused-water-cream/ingredient_list#info-section
Kiehl's,moisturizer,cream,Kiehl's Ultra Facial Moisturizer,https://www.skincarisma.com/products/kiehl-s/ultra-facial-moisturizer/ingredient_list#info-section
Olay,anti-aging,serum,Olay Regenerist Regenerating Serum,https://www.skincarisma.com/products/olay/regenerist-regenerating-serum/ingredient_list#info-section
Kiehl's,anti-aging,serum,Kiehl's Powerful Strength Line Reducing Concentrate,https://www.skincarisma.com/products/kiehl-s/powerful-strength-line-reducing-concentrate/ingredient_list#info-section
Clinique,anti-aging,serum,Clinique Smart Custom-Repair Serum,https://www.skincarisma.com/products/clinique/smart-custom-repair-serum/ingredient_list#info-section
Kiehl's,anti-aging,serum,Kiehl's Midnight Recovery Concentrate,https://www.skincarisma.com/products/kiehl-s/midnight-recovery-concentrate/ingredient_list#info-section
Drunk Elephant,anti-aging,serum,Drunk Elephant T.L.C. Framboos Glycolic Night Serum,https://www.skincarisma.com/products/drunk-elephant/t-l-c-framboos-glycolic-night-serum/ingredient_list#info-section
Tatcha,anti-aging,serum,Tatcha LUMINOUS Deep Hydration Firming Serum,https://www.skincarisma.com/products/tatcha/luminous-deep-hydration-firming-serum/ingredient_list#info-section
SkinCeuticals,anti-aging,night cream,SkinCeuticals Retinol 1.0 ,https://www.skincarisma.com/products/skinceuticals/retinol-1-0-maximum-strength-refining-night-cream-with-1-0-pure-retinol/ingredient_list#info-section
Clarins,anti-aging,serum,Clarins Double Serum Complete Age Control Concentrate,https://www.skincarisma.com/products/clarins/double-serum-complete-age-control-concentrate/ingredient_list#info-section
Estee Lauder,anti-aging,serum,Estee Lauder Advanced Night Repair Synchronized Recovery Complex II,https://www.skincarisma.com/products/estee-lauder/advanced-night-repair-synchronized-recovery-complex-ii/ingredient_list#info-section
Lancome,anti-aging,serum,Lancome Genifique Youth Activating Cream Serum,https://www.skincarisma.com/products/lancome/genifique-youth-activating-cream-serum/ingredient_list#info-section
La Prairie,anti-aging,serum,La Prairie White Caviar Illuminating Serum ,https://www.skincarisma.com/products/la-prairie/white-caviar-illuminating-serum/ingredient_list#info-section
La Prairie,anti-aging,serum,La Prairie Cellular Serum Platinum Rare,https://www.skincarisma.com/products/la-prairie/cellular-serum-platinum-rare/ingredient_list#info-section
La Prairie,anti-aging,serum,La Prairie Cellular Hydrating Serum,https://www.skincarisma.com/products/la-prairie/cellular-hydrating-serum/ingredient_list#info-section
La Prairie,anti-aging,serum,La Prairie Skin Caviar Crystalline Concentre,https://www.skincarisma.com/products/la-prairie/skin-caviar-crystalline-concentre/ingredient_list#info-section
SkinCeuticals,anti-aging,serum,SkinCeuticals C E Ferulic Serum,https://www.skincarisma.com/products/skinceuticals/c-e-ferulic-serum/ingredient_list#info-section
Eliabeth Arden,anti-aging,serum,Eliabeth Arden Retinol Ceramide Capsules Line Erasing Night Serum,https://www.skincarisma.com/products/elizabeth-arden/retinol-ceramide-capsules-line-erasing-night-serum/ingredient_list#info-section
Drunk Elephant,anti-aging,serum,Drunk Elephant C-Firma Day Serum,https://www.skincarisma.com/products/drunk-elephant/c-firma-day-serum/ingredient_list#info-section
Drunk Elephant,anti-aging,cream,Drunk Elephant A-Passioni Retinol Cream,https://www.skincarisma.com/products/drunk-elephant/a-passioni-retinol-cream/ingredient_list#info-section
Roc,anti-aging,cream,Roc Retinol Correxion Deep Wrinkle Night Cream,https://www.skincarisma.com/products/roc/retinol-correxion-deep-wrinkle-night-cream/ingredient_list#info-section
Olay,anti-aging,cream,Olay Regenerist Retinol 24 Night Moisturizer,https://www.skincarisma.com/products/olay/regenerist-retinol-24-night-moisturizer/ingredient_list#info-section
Avene,anti-aging,cream,Avene RetrinAL 0.1 Intensive Cream,https://www.skincarisma.com/products/avene/retrinal-0-1-intensive-cream/ingredient_list#info-section
La Mer,anti-aging,serum,La mer The Concentrate,https://www.skincarisma.com/products/la-mer/the-concentrate/ingredient_list#info-section
La Mer,anti-aging,serum,La mer The Regenerating Serum,https://www.skincarisma.com/products/la-mer/the-regenerating-serum/ingredient_list#info-section
SkinCeuticals,anti-aging,eye cream,SkinCeuticals A.G.E. Eye Complex,https://www.skincarisma.com/products/skinceuticals/a-g-e-eye-complex/ingredient_list#info-section
Clé de Peau Beauté,moisturizer,cream,Clé de Peau Beauté Intensive Fortifying Cream,https://www.skincarisma.com/products/cle-de-peau-beaute/intensive-fortifying-cream/ingredient_list#info-section
Clé de Peau Beauté,moisturizer,night cream,Clé de Peau Beauté Synactif Nighttime Moisturizer,https://www.skincarisma.com/products/cle-de-peau-beaute/synactif-nighttime-moisturizer/ingredient_list#info-section
Neutrogena ,moisturizer,eye cream,Neutrogena Hydro Boost Gel-Cream Eye,https://www.skincarisma.com/products/neutrogena/hydro-boost-gel-cream-eye/ingredient_list#info-section
Roc,anti-aging,eye cream,Roc Retinol Correxion Eye Cream,https://www.skincarisma.com/products/roc/retinol-correxion-eye-cream/ingredient_list#info-section
Olay,dark circle,eye cream,Olay Eyes Brightening Eye Cream,https://www.skincarisma.com/products/olay/eyes-brightening-eye-cream/ingredient_list#info-section
Neutrogena ,anti-aging,eye cream,Neutrogena Rapid Wrinkle Repair Eye Cream,https://www.skincarisma.com/products/neutrogena/rapid-wrinkle-repair-eye-cream/ingredient_list#info-section
Fresh,anti-aging,eye cream,Fresh Black Tea Age-Delay Eye Concentrate,https://www.skincarisma.com/products/fresh/black-tea-age-delay-eye-concentrate/ingredient_list#info-section
Kiehl's,dark circle,eye cream,Kiehl's Facial Fuel Eye De-Puffer,https://www.skincarisma.com/products/kiehl-s/facial-fuel-eye-de-puffer/ingredient_list#info-section
Kiehl's,anti-aging,eye cream,Kiehl's Youth Dose Eye Treatment,https://www.skincarisma.com/products/kiehl-s/youth-dose-eye-treatment/ingredient_list#info-section
Tatcha,dark circle,eye cream,Tatcha The Pearl Tinted Eye Illuminating Treatment,https://www.skincarisma.com/products/tatcha/the-pearl-tinted-eye-illuminating-treatment/ingredient_list#info-section
La Prairie,anti-aging,eye cream,La Prairie Skin Caviar Luxe Eye Lift Cream,https://www.skincarisma.com/products/la-prairie/skin-caviar-luxe-eye-lift-cream/ingredient_list#info-section
La Prairie,anti-aging,eye cream,La Prairie White Caviar Illuminating Eye Serum,https://www.skincarisma.com/products/la-prairie/white-caviar-illuminating-eye-serum/ingredient_list#info-section
La Prairie,anti-aging,eye cream,La Prairie White Caviar Illuminating Eye Cream,https://www.skincarisma.com/products/la-prairie/white-caviar-illuminating-eye-cream/ingredient_list#info-section
La Prairie,anti-aging,eye cream,La Prairie Cellular Eye Cream Platinum Rare,https://www.skincarisma.com/products/la-prairie/cellular-eye-cream-platinum-rare/ingredient_list#info-section
La Prairie,anti-aging,eye cream,La Prairie Cellular Radiance Eye Cream,https://www.skincarisma.com/products/la-prairie/cellular-radiance-eye-cream/ingredient_list#info-section
La Prairie,moisturizer,eye cream,La Prairie Essence of Skin Caviar Eye Complex,https://www.skincarisma.com/products/la-prairie/essence-of-skin-caviar-eye-complex/ingredient_list#info-section
La Mer,dark circle,eye cream,La Mer  The Eye Concentrate,https://www.skincarisma.com/products/la-mer/the-eye-concentrate/ingredient_list#info-section
La Mer,anti-aging,eye cream,La Mer The Eye Balm Intense,https://www.skincarisma.com/products/la-mer/the-eye-balm-intense/ingredient_list#info-section
Cetaphil ,moisturizer,eye cream,Cetaphil Hydrating Eye Gel-Cream,https://www.skincarisma.com/products/cetaphil/hydrating-eye-gel-cream/ingredient_list#info-section
Lancome,anti-aging,eye cream,Lancome Advanced Génifique Eye Cream,https://www.skincarisma.com/products/lancome/advanced-genifique-eye-cream/ingredient_list#info-section
Kiehl's,moisturizer,eye cream,Kiehl's Creamy Eye Treatment with Avocado,https://www.skincarisma.com/products/kiehl-s/creamy-eye-treatment-with-avocado/ingredient_list#info-section
Kiehl's,anti-aging,eye cream,Kiehl's Powerful Wrinkle Reducing Eye Cream,https://www.skincarisma.com/products/kiehl-s/powerful-wrinkle-reducing-eye-cream/ingredient_list#info-section
Kiehl's,dark circle,eye cream,Kiehl's Powerful-Strength Dark Circle Reducing Vitamin C Eye Serum,https://www.skincarisma.com/products/kiehl-s/powerful-strength-dark-circle-reducing-vitamin-c-eye-serum/ingredient_list#info-section
Kiehl's,anti-aging,eye cream,Kiehl's Midnight Recovery Eye Cream,https://www.skincarisma.com/products/kiehl-s/midnight-recovery-eye-cream/ingredient_list#info-section
Kiehl's,anti-aging,eye cream,Kiehl's Super Multi-Corrective Eye-Opening Serum,https://www.skincarisma.com/products/kiehl-s/super-multi-corrective-eye-opening-serum/ingredient_list#info-section
SkinCeuticals,dark circle,eye cream,SkinCeuticals SkinCeuticals AOX+ Eye Gel,https://www.skincarisma.com/products/skinceuticals/aox-eye-gel/ingredient_list#info-section
Drunk Elephant,dark circle,eye cream,Drunk Elephant C-Tango Multivitamin Eye Cream,https://www.skincarisma.com/products/drunk-elephant/c-tango-multivitamin-eye-cream/ingredient_list#info-section
Drunk Elephant,moisturizer,eye cream,Drunk Elephant Shaba Complex Eye Serum,https://www.skincarisma.com/products/drunk-elephant/shaba-complex-eye-serum/ingredient_list#info-section
Shiseido,anti-aging,eye cream,Shiseido Benefiance WrinkleResist24 Intensive Eye Contour Cream,https://www.skincarisma.com/products/shiseido/benefiance-wrinkleresist24-intensive-eye-contour-cream/ingredient_list#info-section
Shiseido,anti-aging,eye cream,Shiseido Benefiance NutriPerfect Eye Serum,https://www.skincarisma.com/products/shiseido/benefiance-nutriperfect-eye-serum/ingredient_list#info-section
Tatcha,moisturizer,eye cream,Tatcha Luminous Deep Hydration Firming Eye Serum,https://www.skincarisma.com/products/tatcha/luminous-deep-hydration-firming-eye-serum/ingredient_list#info-section
Estee Lauder,anti-aging,eye cream,Estee Lauder Advanced Night Repair Eye Synchronized Complex II,https://www.skincarisma.com/products/estee-lauder/advanced-night-repair-eye-synchronized-complex-ii/ingredient_list#info-section
Estee Lauder,anti-aging,eye cream,Estee Lauder Advanced Night Repair Eye Supercharged Complex Synchronized Recovery,https://www.skincarisma.com/products/estee-lauder/advanced-night-repair-eye-supercharged-complex-synchronized-recovery/ingredient_list#info-section
Belif ,moisturizer,eye cream,Belif Moisturizing Eye Bomb,https://www.skincarisma.com/products/belif/moisturizing-eye-bomb/ingredient_list#info-section
Fresh,anti-aging,eye cream,Fresh Black Tea Firming Eye Serum,https://www.skincarisma.com/products/fresh/black-tea-firming-eye-serum/ingredient_list#info-section
SK-II,anti-aging,eye cream,SK-II R.N.A. Power Anti-Aging Eye Cream,https://www.skincarisma.com/products/sk-ii/r-n-a-power-anti-aging-eye-cream/ingredient_list#info-section
Aveeno,anti-aging,eye cream,Aveeno Absolutely Ageless Eye Cream,https://www.skincarisma.com/products/aveeno/absolutely-ageless-eye-cream/ingredient_list#info-section
Clinique,anti-aging,eye cream,Clinique All About Eyes,https://www.skincarisma.com/products/clinique/all-about-eyes/ingredient_list#info-section
Drunk Elephant,exfoliating,facial mask (cream),Drunk Elephant T.L.C. Sukari Babyfacial,https://www.skincarisma.com/products/drunk-elephant/t-l-c-sukari-babyfacial/ingredient_list#info-section
SK-II,hydrating,facial mask (mask),SK-II Facial Treatment Mask,https://www.skincarisma.com/products/sk-ii/facial-treatment-mask-e815da68-7269-4803-b003-9b8db2b75ebb/ingredient_list#info-section
Laneige,hydrating,facial mask (cream),Laneige Water Sleeping Mask,https://www.skincarisma.com/products/laneige/water-sleeping-mask/ingredient_list#info-section
Shiseido,anti-aging,facial mask (mask),Shiseido Benefiance Pure Retinol Intensive Revitalizing Face Mask,https://www.skincarisma.com/products/shiseido/benefiance-pure-retinol-intensive-revitalizing-face-mask/ingredient_list#info-section
Tatcha,hydrating,facial mask (mask),Tatcha Luminous Deep Hydration Lifting Mask,https://www.skincarisma.com/products/tatcha/luminous-deep-hydration-lifting-mask/ingredient_list#info-section
Estee Lauder,anti-aging,facial mask (mask),Estee Lauder Advanced Night Repair Concentrated Recovery PowerFoil Mask,https://www.skincarisma.com/products/estee-lauder/advanced-night-repair-concentrated-recovery-powerfoil-mask/ingredient_list#info-section
La Mer,anti-aging,facial mask (cream),La Mer The Lifting and Firming Mask,https://www.skincarisma.com/products/la-mer/the-lifting-and-firming-mask/ingredient_list#info-section
La Mer,hydrating,facial mask (mask),La Mer The Hydrating Facial,https://www.skincarisma.com/products/la-mer/the-hydrating-facial/ingredient_list#info-section
La Mer,hydrating,facial mask (cream),La Mer The Intensive Revitalizing Mask,https://www.skincarisma.com/products/la-mer/the-intensive-revitalizing-mask/ingredient_list#info-section
Drunk Elephant,hydrating,facial mask (cream),Drunk Elephant F-Balm Electrolyte Waterfacial Mask,https://www.skincarisma.com/products/drunk-elephant/f-balm-electrolyte-waterfacial-mask/ingredient_list#info-section
Dior,anti-aging,facial mask (cream),Dior Hydra Life Glow Better Jelly Mask,https://www.skincarisma.com/products/dior/hydra-life-glow-better-fresh-jelly-mask/ingredient_list#info-section
Fresh,anti-aging,facial mask (cream),Fresh Black Tea Instant Perfecting Face Mask,https://www.skincarisma.com/products/fresh/black-tea-instant-perfecting-face-mask/ingredient_list#info-section
Fresh,anti-aging,facial mask (cream),Fresh Black Tea Firming Overnight Mask,https://www.skincarisma.com/products/fresh/black-tea-firming-overnight-mask/ingredient_list#info-section
Fresh,hydrating,facial mask (cream),Fresh Black Tea Instant Hydrating Face Mask,https://www.skincarisma.com/products/fresh/black-tea-instant-hydrating-face-mask/ingredient_list#info-section
Fresh,anti-aging,facial mask (cream),Fresh Lotus Youth Preserve Rescue Mas,https://www.skincarisma.com/products/fresh/lotus-youth-preserve-rescue-mask/ingredient_list#info-section
Fresh,hydrating,facial mask (cream),Fresh Rose Face Mask,https://www.skincarisma.com/products/fresh/rose-face-mask-a5a7d500-4d4b-4fa6-bfb4-8a1d30ab55df/ingredient_list#info-section
Kiehl's,hydrating,facial mask (cream),Kiehl's Ultra Facial Overnight Hydrating Mask,https://www.skincarisma.com/products/kiehl-s/ultra-facial-overnight-hydrating-mask/ingredient_list#info-section
Kiehl's,hydrating,facial mask (cream),Kiehl's Avocado Nourishing Hydrating Mask,https://www.skincarisma.com/products/kiehl-s/avocado-nourishing-hydrating-mask/ingredient_list#info-section
Kiehl's,hydrating,facial mask (cream),Kiehl's Calendula & Aloe Soothing Hydration Mask,https://www.skincarisma.com/products/kiehl-s/calendula-aloe-soothing-hydration-mask/ingredient_list#info-section
Kiehl's,anti-aging,facial mask (cream),Kiehl's Ginger Leaf & Hibiscus Firming Mask,https://www.skincarisma.com/products/kiehl-s/ginger-leaf-hibiscus-firming-mask/ingredient_list#info-section
Sisley,anti-aging,facial mask (cream),Sisley Black Rose Cream Mask,https://www.skincarisma.com/products/sisley-paris/black-rose-cream-mask/ingredient_list#info-section
Fresh,hydrating,facial mask (cream),Fresh Creme Ancienne Ultimate Nourishing Honey Mask,https://www.skincarisma.com/products/fresh/creme-ancienne-ultimate-nourishing-honey-mask/ingredient_list#info-section
Chantecallie,anti-aging,facial mask (cream),Chantecallie Bio Liftying Mask,https://www.skincarisma.com/products/chantecaille/bio-lifting-mask/ingredient_list#info-section
Fresh,hydrating,facial mask (cream),Fresh Vitamin Nectar Vibrancy-Boosting Face Mask,https://www.skincarisma.com/products/fresh/vitamin-nectar-vibrancy-boosting-face-mask/ingredient_list#info-section
La Prairie,anti-aging,facial mask (cream),La Prairie Skin Caviar Luxe Sleep Mask,https://www.skincarisma.com/products/la-prairie/skin-caviar-luxe-sleep-mask/ingredient_list#info-section
La Prairie,hydrating,facial mask (cream),La Prairie Cellular Hydralift Firming Mask ,https://www.skincarisma.com/products/la-prairie/cellular-hydralift-firming-mask/ingredient_list#info-section
Charlotte Tilbury,hydrating,facial mask (mask),Charlotte Tilbury Instant Magic Facial Dry Sheet Mask,https://www.skincarisma.com/products/charlotte-tilbury/instant-magic-facial-dry-sheet-mask/ingredient_list#info-section
Guerlain,anti-aging,facial mask (cream),Guerlain Orchidee Imperiale Mask,https://www.skincarisma.com/products/guerlain/orchidee-imperiale-mask/ingredient_list#info-section
Tatcha,hydrating,facial mask (mask),Tatcha Luminous Dewy Skin Mask,https://www.skincarisma.com/products/tatcha/luminous-dewy-skin-mask/ingredient_list#info-section
Avene,hydrating,facial mask (mask),Avene Soothing Sheet Mask,https://www.skincarisma.com/products/avene/soothing-sheet-mask/ingredient_list#info-section
Pond's,hydrating,facial mask (mask),Pond's Hydrate + Glow Sheet Face Mask,https://www.skincarisma.com/products/pond-s/hydrate-glow-sheet-face-mask/ingredient_list#info-section
Neutrogena ,hydrating,facial mask (mask),Neutrogena Hydro Boost Hydrating 100% Hydrogel Mask,https://www.skincarisma.com/products/neutrogena/hydro-boost-hydrating-100-hydrogel-mask/ingredient_list#info-section
Kiehl's,hydrating,facial mask (mask),Kiehl's Instant Renewal Concentrate Mask,https://www.skincarisma.com/products/kiehl-s/instant-renewal-concentrate-mask/ingredient_list#info-section
Clarins,anti-aging,facial mask (mask),Clarins Super Restorative Instant Lift Serum Mask,https://www.skincarisma.com/products/clarins/super-restorative-instant-lift-serum-mask/ingredient_list#info-section
Lancome,anti-aging,facial mask (mask),Lancome Advance Genifique Hydrogel Melting Sheet Mask,https://www.skincarisma.com/products/lancome/advance-genifique-hydrogel-melting-sheet-mask/ingredient_list#info-section
Burt's Bees,hydrating,facial mask (mask),Burt's Bees Hydrating Face Sheet Mask,https://www.skincarisma.com/products/burt-s-bees/hydrating-face-sheet-mask-d5243b89-ace7-45b7-8a9a-212d9c339ce9/ingredient_list#info-section
Shiseido,brightening,facial mask (mask),Shiseido White Lucent Power Brightening Mask,https://www.skincarisma.com/products/shiseido/white-lucent-power-brightening-mask/ingredient_list#info-section
Clinique,brightening,facial mask (cream),Clinique Even Better Brightening Moisture Mask,https://www.skincarisma.com/products/clinique/even-better-brightening-moisture-mask/ingredient_list#info-section
Tatcha,brightening,facial mask (cream),Tatcha Violet-C Radiance Mask,https://www.skincarisma.com/products/tatcha/violet-c-radiance-mask/ingredient_list#info-section
Mario Badescu,brightening,facial mask (cream),Mario Badescu Whitening Mask,https://www.skincarisma.com/products/mario-badescu/whitening-mask/ingredient_list#info-section
GlamGlow,brightening,facial mask (cream),GlamGlow Flashmud Brightening Treatment,https://www.skincarisma.com/products/glamglow/flashmud-brightening-treatment-31e70564-5e15-4010-934e-8e4e2b6c99e1/ingredient_list#info-section
Belif ,brightening,facial mask (cream),Belif Overnight brightening mask,https://www.skincarisma.com/products/belif/overnight-brightening-mask/ingredient_list#info-section
Naruko ,brightening,facial mask (mask),Naruko Raw Job’s Tears Supercritical CO2 Pore Minimizing & Brightening Mask,https://www.skincarisma.com/products/naruko/raw-job-s-tears-supercritical-co2-pore-minimizing-brightening-mask/ingredient_list#info-section